time,temperature_celsius,relative_humidity_percent,barometric_pressure_hpa,is_holiday,is_weekend,available_bikes,available_docks,hour_sin,hour_cos
2024-12-01 00:00:00,13.87,85.23,1002.37,0.0,1.0,15.0,15.0,0.0,1.0
2024-12-01 01:00:00,13.53,87.43,1001.77,0.0,1.0,15.0,15.0,0.269797,0.962917
2024-12-01 02:00:00,13.64,86.76,1001.5,0.0,1.0,15.0,15.0,0.519584,0.854419
2024-12-01 03:00:00,13.32,86.18,1000.8,0.0,1.0,15.0,15.0,0.730836,0.682553
2024-12-01 04:00:00,13.32,86.18,1000.8,0.0,1.0,15.0,15.0,0.887885,0.460065
2024-12-01 05:00:00,12.25,88.14,1000.22,0.0,1.0,15.0,15.0,0.979084,0.203456
2024-12-01 06:00:00,12.25,88.14,1000.22,0.0,1.0,15.0,15.0,0.997669,-0.068242
2024-12-01 07:00:00,11.13,89.85,1000.2,0.0,1.0,13.0,17.0,0.942261,-0.33488
2024-12-01 08:00:00,11.13,89.85,1000.2,0.0,1.0,13.0,17.0,0.81697,-0.57668
2024-12-01 09:00:00,12.04,87.62,1000.41,0.0,1.0,16.0,14.0,0.631088,-0.775711
2024-12-01 10:00:00,12.79,83.66,1000.56,0.0,1.0,15.0,15.0,0.398401,-0.917211
2024-12-01 11:00:00,13.55,78.37,1000.6,0.0,1.0,14.0,16.0,0.136167,-0.990686
2024-12-01 12:00:00,12.85,80.96,1000.62,0.0,1.0,13.0,17.0,-0.136167,-0.990686
2024-12-01 13:00:00,12.77,80.18,1000.27,0.0,1.0,12.0,18.0,-0.398401,-0.917211
2024-12-01 14:00:00,12.37,83.14,1000.14,0.0,1.0,10.0,20.0,-0.631088,-0.775711
2024-12-01 15:00:00,12.06,86.08,1000.15,0.0,1.0,10.0,20.0,-0.81697,-0.57668
2024-12-01 16:00:00,11.02,92.8,1000.49,0.0,1.0,7.0,23.0,-0.942261,-0.33488
2024-12-01 17:00:00,9.99,93.52,1001.13,0.0,1.0,6.0,24.0,-0.997669,-0.068242
2024-12-01 18:00:00,9.06,91.44,1001.73,0.0,1.0,6.0,24.0,-0.979084,0.203456
2024-12-01 19:00:00,8.42,90.64,1001.75,0.0,1.0,3.0,27.0,-0.887885,0.460065
2024-12-01 20:00:00,8.52,89.32,1001.52,0.0,1.0,2.0,28.0,-0.730836,0.682553
2024-12-01 21:00:00,8.52,89.32,1001.52,0.0,1.0,2.0,28.0,-0.519584,0.854419
2024-12-01 22:00:00,8.93,90.44,1002.26,0.0,1.0,1.0,29.0,-0.269797,0.962917
2024-12-01 23:00:00,8.93,90.44,1002.26,0.0,1.0,1.0,29.0,-0.0,1.0
2024-12-02 00:00:00,8.52,94.2,1003.39,0.0,0.0,1.0,29.0,0.0,1.0
2024-12-02 01:00:00,8.52,94.2,1003.39,0.0,0.0,1.0,29.0,0.269797,0.962917
2024-12-02 02:00:00,8.52,94.2,1003.39,0.0,0.0,1.0,29.0,0.519584,0.854419
2024-12-02 03:00:00,6.16,86.43,1007.21,0.0,0.0,0.0,30.0,0.730836,0.682553
2024-12-02 04:00:00,6.16,86.43,1007.21,0.0,0.0,0.0,30.0,0.887885,0.460065
2024-12-02 05:00:00,6.16,86.43,1007.21,0.0,0.0,0.0,30.0,0.979084,0.203456
2024-12-02 06:00:00,6.07,83.04,1008.63,0.0,0.0,0.0,30.0,0.997669,-0.068242
2024-12-02 07:00:00,4.85,87.9,1009.77,0.0,0.0,0.0,30.0,0.942261,-0.33488
2024-12-02 08:00:00,4.72,87.79,1010.43,0.0,0.0,1.0,29.0,0.81697,-0.57668
2024-12-02 09:00:00,4.64,87.21,1011.79,0.0,0.0,3.0,27.0,0.631088,-0.775711
2024-12-02 10:00:00,5.43,80.61,1012.6,0.0,0.0,0.0,30.0,0.398401,-0.917211
2024-12-02 11:00:00,6.14,73.53,1013.18,0.0,0.0,2.0,28.0,0.136167,-0.990686
2024-12-02 12:00:00,6.2,70.68,1013.34,0.0,0.0,2.0,28.0,-0.136167,-0.990686
2024-12-02 13:00:00,6.18,68.64,1013.97,0.0,0.0,3.0,27.0,-0.398401,-0.917211
2024-12-02 14:00:00,5.92,68.82,1014.23,0.0,0.0,7.0,23.0,-0.631088,-0.775711
2024-12-02 15:00:00,5.29,68.78,1014.71,0.0,0.0,8.0,22.0,-0.81697,-0.57668
2024-12-02 16:00:00,3.72,72.49,1015.2,0.0,0.0,12.0,18.0,-0.942261,-0.33488
2024-12-02 17:00:00,2.98,81.67,1015.64,0.0,0.0,20.0,10.0,-0.997669,-0.068242
2024-12-02 18:00:00,2.0,85.08,1015.6,0.0,0.0,18.0,12.0,-0.979084,0.203456
2024-12-02 19:00:00,1.54,89.61,1015.9,0.0,0.0,15.0,15.0,-0.887885,0.460065
2024-12-02 20:00:00,2.03,88.51,1015.87,0.0,0.0,15.0,15.0,-0.730836,0.682553
2024-12-02 21:00:00,1.04,91.77,1016.04,0.0,0.0,16.0,14.0,-0.519584,0.854419
2024-12-02 22:00:00,0.37,93.72,1016.41,0.0,0.0,19.0,11.0,-0.269797,0.962917
2024-12-02 23:00:00,-0.26,93.92,1016.43,0.0,0.0,19.0,11.0,-0.0,1.0
2024-12-03 00:00:00,-1.08,94.98,1016.57,0.0,0.0,20.0,10.0,0.0,1.0
2024-12-03 01:00:00,-1.45,96.75,1016.1,0.0,0.0,20.0,10.0,0.269797,0.962917
2024-12-03 02:00:00,-1.79,96.63,1015.97,0.0,0.0,20.0,10.0,0.519584,0.854419
2024-12-03 03:00:00,-1.7,96.78,1016.05,0.0,0.0,20.0,10.0,0.730836,0.682553
2024-12-03 04:00:00,-1.7,96.78,1016.05,0.0,0.0,20.0,10.0,0.887885,0.460065
2024-12-03 05:00:00,-2.5,96.66,1015.72,0.0,0.0,20.0,10.0,0.979084,0.203456
2024-12-03 06:00:00,-3.09,96.15,1015.7,0.0,0.0,22.0,8.0,0.997669,-0.068242
2024-12-03 07:00:00,-3.2,96.34,1015.75,0.0,0.0,25.0,5.0,0.942261,-0.33488
2024-12-03 08:00:00,-2.84,96.71,1015.43,0.0,0.0,4.0,26.0,0.81697,-0.57668
2024-12-03 09:00:00,-1.92,97.36,1015.34,0.0,0.0,5.0,25.0,0.631088,-0.775711
2024-12-03 10:00:00,0.24,97.69,1016.07,0.0,0.0,5.0,25.0,0.398401,-0.917211
2024-12-03 11:00:00,3.4,89.34,1015.9,0.0,0.0,4.0,26.0,0.136167,-0.990686
2024-12-03 12:00:00,5.61,75.49,1014.81,0.0,0.0,1.0,29.0,-0.136167,-0.990686
2024-12-03 13:00:00,5.92,73.05,1014.99,0.0,0.0,5.0,25.0,-0.398401,-0.917211
2024-12-03 14:00:00,7.0,73.09,1014.93,0.0,0.0,8.0,22.0,-0.631088,-0.775711
2024-12-03 15:00:00,7.6,79.15,1015.09,0.0,0.0,11.0,19.0,-0.81697,-0.57668
2024-12-03 16:00:00,7.6,81.28,1015.18,0.0,0.0,17.0,13.0,-0.942261,-0.33488
2024-12-03 17:00:00,7.19,85.53,1014.67,0.0,0.0,28.0,2.0,-0.997669,-0.068242
2024-12-03 18:00:00,8.01,86.69,1014.37,0.0,0.0,28.0,2.0,-0.979084,0.203456
2024-12-03 19:00:00,8.69,88.54,1015.01,0.0,0.0,27.0,3.0,-0.887885,0.460065
2024-12-03 20:00:00,8.05,95.65,1016.14,0.0,0.0,25.0,5.0,-0.730836,0.682553
2024-12-03 21:00:00,7.92,95.56,1016.0,0.0,0.0,28.0,2.0,-0.519584,0.854419
2024-12-03 22:00:00,7.71,95.71,1016.71,0.0,0.0,26.0,4.0,-0.269797,0.962917
2024-12-03 23:00:00,7.35,95.8,1017.13,0.0,0.0,27.0,3.0,-0.0,1.0
2024-12-04 00:00:00,6.86,96.5,1017.63,0.0,0.0,28.0,2.0,0.0,1.0
2024-12-04 01:00:00,7.02,96.7,1017.98,0.0,0.0,28.0,2.0,0.269797,0.962917
2024-12-04 02:00:00,6.74,96.43,1017.62,0.0,0.0,28.0,2.0,0.519584,0.854419
2024-12-04 03:00:00,6.49,96.4,1017.63,0.0,0.0,28.0,2.0,0.730836,0.682553
2024-12-04 04:00:00,4.53,96.46,1017.02,0.0,0.0,28.0,2.0,0.887885,0.460065
2024-12-04 05:00:00,3.34,96.8,1016.7,0.0,0.0,28.0,2.0,0.979084,0.203456
2024-12-04 06:00:00,2.22,97.31,1016.53,0.0,0.0,17.0,13.0,0.997669,-0.068242
2024-12-04 07:00:00,2.43,98.1,1016.08,0.0,0.0,14.0,16.0,0.942261,-0.33488
2024-12-04 08:00:00,2.69,98.61,1015.63,0.0,0.0,7.0,22.0,0.81697,-0.57668
2024-12-04 09:00:00,3.75,98.77,1014.77,0.0,0.0,8.0,22.0,0.631088,-0.775711
2024-12-04 10:00:00,5.2,98.39,1013.51,0.0,0.0,2.0,28.0,0.398401,-0.917211
2024-12-04 11:00:00,8.23,95.76,1012.15,0.0,0.0,1.0,29.0,0.136167,-0.990686
2024-12-04 12:00:00,11.23,85.97,1010.32,0.0,0.0,7.0,23.0,-0.136167,-0.990686
2024-12-04 13:00:00,11.83,86.24,1008.57,0.0,0.0,22.0,8.0,-0.398401,-0.917211
2024-12-04 14:00:00,11.5,89.71,1006.89,0.0,0.0,24.0,6.0,-0.631088,-0.775711
2024-12-04 15:00:00,11.85,85.91,1005.36,0.0,0.0,22.0,8.0,-0.81697,-0.57668
2024-12-04 16:00:00,11.97,83.11,1004.02,0.0,0.0,25.0,5.0,-0.942261,-0.33488
2024-12-04 17:00:00,12.19,80.92,1002.43,0.0,0.0,27.0,3.0,-0.997669,-0.068242
2024-12-04 18:00:00,12.12,82.88,1001.72,0.0,0.0,24.0,6.0,-0.979084,0.203456
2024-12-04 19:00:00,12.46,84.75,1000.23,0.0,0.0,21.0,9.0,-0.887885,0.460065
2024-12-04 20:00:00,12.82,85.78,999.66,0.0,0.0,15.0,15.0,-0.730836,0.682553
2024-12-04 21:00:00,12.93,86.45,999.5,0.0,0.0,13.0,17.0,-0.519584,0.854419
2024-12-04 22:00:00,13.01,89.67,999.63,0.0,0.0,13.0,17.0,-0.269797,0.962917
2024-12-04 23:00:00,13.01,89.67,999.63,0.0,0.0,13.0,17.0,-0.0,1.0
2024-12-05 00:00:00,11.84,93.31,999.1,0.0,0.0,16.0,14.0,0.0,1.0
2024-12-05 01:00:00,11.5,88.73,999.54,0.0,0.0,15.0,15.0,0.269797,0.962917
2024-12-05 02:00:00,11.22,88.64,999.74,0.0,0.0,15.0,15.0,0.519584,0.854419
2024-12-05 03:00:00,10.97,86.37,999.79,0.0,0.0,15.0,15.0,0.730836,0.682553
2024-12-05 04:00:00,10.97,86.37,999.79,0.0,0.0,15.0,15.0,0.887885,0.460065
2024-12-05 05:00:00,9.79,89.99,1000.29,0.0,0.0,16.0,14.0,0.979084,0.203456
2024-12-05 06:00:00,9.68,88.42,1000.17,0.0,0.0,19.0,11.0,0.997669,-0.068242
2024-12-05 07:00:00,9.91,84.86,999.96,0.0,0.0,21.0,9.0,0.942261,-0.33488
2024-12-05 08:00:00,10.26,85.26,999.47,0.0,0.0,18.0,12.0,0.81697,-0.57668
2024-12-05 09:00:00,10.41,85.12,998.72,0.0,0.0,8.0,22.0,0.631088,-0.775711
2024-12-05 10:00:00,10.75,84.22,997.66,0.0,0.0,6.0,24.0,0.398401,-0.917211
2024-12-05 11:00:00,11.23,87.18,995.27,0.0,0.0,5.0,25.0,0.136167,-0.990686
2024-12-05 12:00:00,12.13,87.89,993.41,0.0,0.0,5.0,25.0,-0.136167,-0.990686
2024-12-05 13:00:00,11.55,93.21,992.04,0.0,0.0,2.0,28.0,-0.398401,-0.917211
2024-12-05 14:00:00,8.0,94.37,992.53,0.0,0.0,2.0,28.0,-0.631088,-0.775711
2024-12-05 15:00:00,8.46,91.46,992.73,0.0,0.0,5.0,25.0,-0.81697,-0.57668
2024-12-05 16:00:00,7.81,87.18,993.7,0.0,0.0,9.0,21.0,-0.942261,-0.33488
2024-12-05 17:00:00,6.97,84.54,995.22,0.0,0.0,16.0,14.0,-0.997669,-0.068242
2024-12-05 18:00:00,6.6,83.33,996.32,0.0,0.0,18.0,12.0,-0.979084,0.203456
2024-12-05 19:00:00,6.31,85.35,998.54,0.0,0.0,18.0,12.0,-0.887885,0.460065
2024-12-05 20:00:00,6.14,85.19,1000.74,0.0,0.0,18.0,12.0,-0.730836,0.682553
2024-12-05 21:00:00,5.85,86.77,1002.74,0.0,0.0,16.0,14.0,-0.519584,0.854419
2024-12-05 22:00:00,5.5,87.12,1005.06,0.0,0.0,17.0,13.0,-0.269797,0.962917
2024-12-05 23:00:00,5.04,87.1,1006.32,0.0,0.0,18.0,12.0,-0.0,1.0
2024-12-06 00:00:00,4.51,89.33,1007.14,0.0,0.0,19.0,11.0,0.0,1.0
2024-12-06 01:00:00,4.27,90.08,1008.28,0.0,0.0,19.0,11.0,0.269797,0.962917
2024-12-06 02:00:00,4.29,88.23,1009.47,0.0,0.0,19.0,11.0,0.519584,0.854419
2024-12-06 03:00:00,4.16,87.1,1010.08,0.0,0.0,19.0,11.0,0.730836,0.682553
2024-12-06 04:00:00,4.16,87.1,1010.08,0.0,0.0,19.0,11.0,0.887885,0.460065
2024-12-06 05:00:00,4.14,87.23,1011.11,0.0,0.0,20.0,10.0,0.979084,0.203456
2024-12-06 06:00:00,3.72,87.53,1010.84,0.0,0.0,24.0,6.0,0.997669,-0.068242
2024-12-06 07:00:00,2.83,92.16,1010.66,0.0,0.0,26.0,4.0,0.942261,-0.33488
2024-12-06 08:00:00,3.63,92.27,1010.24,0.0,0.0,14.0,16.0,0.81697,-0.57668
2024-12-06 09:00:00,4.83,87.27,1009.8,0.0,0.0,15.0,15.0,0.631088,-0.775711
2024-12-06 10:00:00,5.86,83.38,1009.46,0.0,0.0,18.0,12.0,0.398401,-0.917211
2024-12-06 11:00:00,6.8,81.33,1007.73,0.0,0.0,19.0,11.0,0.136167,-0.990686
2024-12-06 12:00:00,6.89,83.31,1005.18,0.0,0.0,17.0,13.0,-0.136167,-0.990686
2024-12-06 13:00:00,7.52,86.35,1001.78,0.0,0.0,21.0,9.0,-0.398401,-0.917211
2024-12-06 14:00:00,8.78,85.07,998.45,0.0,0.0,26.0,4.0,-0.631088,-0.775711
2024-12-06 15:00:00,9.93,82.66,995.66,0.0,0.0,25.0,5.0,-0.81697,-0.57668
2024-12-06 16:00:00,10.23,88.33,992.27,0.0,0.0,24.0,6.0,-0.942261,-0.33488
2024-12-06 17:00:00,11.88,88.95,988.95,0.0,0.0,24.0,6.0,-0.997669,-0.068242
2024-12-06 18:00:00,12.91,87.94,986.04,0.0,0.0,19.0,11.0,-0.979084,0.203456
2024-12-06 19:00:00,13.1,86.55,983.09,0.0,0.0,18.0,12.0,-0.887885,0.460065
2024-12-06 20:00:00,12.98,81.38,980.55,0.0,0.0,17.0,13.0,-0.730836,0.682553
2024-12-06 21:00:00,11.86,82.27,978.13,0.0,0.0,18.0,12.0,-0.519584,0.854419
2024-12-06 22:00:00,11.86,82.27,978.13,0.0,0.0,18.0,12.0,-0.269797,0.962917
2024-12-06 23:00:00,10.63,87.89,976.06,0.0,0.0,16.0,14.0,-0.0,1.0
2024-12-07 00:00:00,10.44,95.47,975.22,0.0,1.0,16.0,14.0,0.0,1.0
2024-12-07 01:00:00,10.44,95.47,975.22,0.0,1.0,16.0,14.0,0.269797,0.962917
2024-12-07 02:00:00,10.44,95.47,975.22,0.0,1.0,16.0,14.0,0.519584,0.854419
2024-12-07 03:00:00,5.86,89.01,988.84,0.0,1.0,16.0,14.0,0.730836,0.682553
2024-12-07 04:00:00,5.86,89.01,988.84,0.0,1.0,16.0,14.0,0.887885,0.460065
2024-12-07 05:00:00,5.86,89.01,988.84,0.0,1.0,16.0,14.0,0.979084,0.203456
2024-12-07 06:00:00,5.86,89.01,988.84,0.0,1.0,16.0,14.0,0.997669,-0.068242
2024-12-07 07:00:00,6.86,75.99,994.03,0.0,1.0,16.0,14.0,0.942261,-0.33488
2024-12-07 08:00:00,6.97,75.45,996.19,0.0,1.0,17.0,13.0,0.81697,-0.57668
2024-12-07 09:00:00,6.6,80.02,998.58,0.0,1.0,18.0,12.0,0.631088,-0.775711
2024-12-07 10:00:00,6.74,79.39,1000.74,0.0,1.0,18.0,12.0,0.398401,-0.917211
2024-12-07 11:00:00,7.2,75.14,1002.98,0.0,1.0,18.0,12.0,0.136167,-0.990686
2024-12-07 12:00:00,7.69,68.77,1004.86,0.0,1.0,18.0,12.0,-0.136167,-0.990686
2024-12-07 13:00:00,7.88,59.87,1006.6,0.0,1.0,21.0,9.0,-0.398401,-0.917211
2024-12-07 14:00:00,7.74,58.24,1008.16,0.0,1.0,22.0,8.0,-0.631088,-0.775711
2024-12-07 15:00:00,6.58,66.53,1009.63,0.0,1.0,23.0,7.0,-0.81697,-0.57668
2024-12-07 16:00:00,5.92,72.0,1010.68,0.0,1.0,25.0,5.0,-0.942261,-0.33488
2024-12-07 17:00:00,5.92,72.0,1010.68,0.0,1.0,25.0,5.0,-0.997669,-0.068242
2024-12-07 18:00:00,5.03,72.97,1014.27,0.0,1.0,28.0,2.0,-0.979084,0.203456
2024-12-07 19:00:00,4.99,70.24,1014.84,0.0,1.0,26.0,4.0,-0.887885,0.460065
2024-12-07 20:00:00,4.91,70.41,1015.89,0.0,1.0,22.0,8.0,-0.730836,0.682553
2024-12-07 21:00:00,4.82,73.74,1017.51,0.0,1.0,21.0,9.0,-0.519584,0.854419
2024-12-07 22:00:00,5.0,77.62,1018.34,0.0,1.0,22.0,8.0,-0.269797,0.962917
2024-12-07 23:00:00,5.18,80.23,1019.09,0.0,1.0,24.0,6.0,-0.0,1.0
2024-12-08 00:00:00,5.36,77.2,1021.27,0.0,1.0,25.0,5.0,0.0,1.0
2024-12-08 01:00:00,5.0,77.4,1021.97,0.0,1.0,25.0,5.0,0.269797,0.962917
2024-12-08 02:00:00,4.76,72.54,1022.88,0.0,1.0,25.0,5.0,0.519584,0.854419
2024-12-08 03:00:00,4.55,70.7,1023.65,0.0,1.0,25.0,5.0,0.730836,0.682553
2024-12-08 04:00:00,4.55,70.7,1023.65,0.0,1.0,25.0,5.0,0.887885,0.460065
2024-12-08 05:00:00,4.79,74.56,1025.63,0.0,1.0,25.0,5.0,0.979084,0.203456
2024-12-08 06:00:00,4.79,74.56,1025.63,0.0,1.0,25.0,5.0,0.997669,-0.068242
2024-12-08 07:00:00,3.48,82.46,1027.67,0.0,1.0,25.0,5.0,0.942261,-0.33488
2024-12-08 08:00:00,3.65,83.89,1028.44,0.0,1.0,26.0,4.0,0.81697,-0.57668
2024-12-08 09:00:00,4.12,82.86,1029.01,0.0,1.0,28.0,2.0,0.631088,-0.775711
2024-12-08 10:00:00,5.44,77.59,1029.29,0.0,1.0,29.0,1.0,0.398401,-0.917211
2024-12-08 11:00:00,6.62,71.64,1029.86,0.0,1.0,29.0,1.0,0.136167,-0.990686
2024-12-08 12:00:00,7.37,69.89,1029.86,0.0,1.0,28.0,2.0,-0.136167,-0.990686
2024-12-08 13:00:00,7.45,70.66,1029.74,0.0,1.0,29.0,1.0,-0.398401,-0.917211
2024-12-08 14:00:00,7.35,72.49,1029.73,0.0,1.0,29.0,1.0,-0.631088,-0.775711
2024-12-08 15:00:00,7.32,70.32,1029.88,0.0,1.0,30.0,0.0,-0.81697,-0.57668
2024-12-08 16:00:00,6.6,70.82,1030.37,0.0,1.0,17.0,13.0,-0.942261,-0.33488
2024-12-08 17:00:00,6.19,73.62,1030.73,0.0,1.0,10.0,20.0,-0.997669,-0.068242
2024-12-08 18:00:00,5.94,75.71,1031.68,0.0,1.0,11.0,19.0,-0.979084,0.203456
2024-12-08 19:00:00,5.33,77.43,1031.97,0.0,1.0,10.0,20.0,-0.887885,0.460065
2024-12-08 20:00:00,5.45,77.95,1032.39,0.0,1.0,9.0,21.0,-0.730836,0.682553
2024-12-08 21:00:00,5.26,78.21,1032.67,0.0,1.0,8.0,22.0,-0.519584,0.854419
2024-12-08 22:00:00,5.26,78.21,1032.67,0.0,1.0,8.0,22.0,-0.269797,0.962917
2024-12-08 23:00:00,5.43,79.15,1033.41,0.0,0.0,3.0,27.0,-0.0,1.0
2024-12-09 00:00:00,5.43,79.15,1033.41,0.0,0.0,3.0,27.0,0.0,1.0
2024-12-09 01:00:00,5.7,79.63,1033.55,0.0,0.0,3.0,27.0,0.269797,0.962917
2024-12-09 02:00:00,5.48,80.61,1033.76,0.0,0.0,3.0,27.0,0.519584,0.854419
2024-12-09 03:00:00,5.36,81.51,1033.94,0.0,0.0,3.0,27.0,0.730836,0.682553
2024-12-09 04:00:00,5.36,81.51,1033.94,0.0,0.0,3.0,27.0,0.887885,0.460065
2024-12-09 05:00:00,5.74,83.28,1033.77,0.0,0.0,3.0,27.0,0.979084,0.203456
2024-12-09 06:00:00,6.89,82.26,1034.16,0.0,0.0,2.0,28.0,0.997669,-0.068242
2024-12-09 07:00:00,6.4,82.91,1034.43,0.0,0.0,4.0,26.0,0.942261,-0.33488
2024-12-09 08:00:00,5.76,84.48,1034.84,0.0,0.0,3.0,27.0,0.81697,-0.57668
2024-12-09 09:00:00,5.92,83.47,1035.29,0.0,0.0,5.0,25.0,0.631088,-0.775711
2024-12-09 10:00:00,5.79,85.87,1035.63,0.0,0.0,1.0,29.0,0.398401,-0.917211
2024-12-09 11:00:00,5.91,88.91,1035.69,0.0,0.0,1.0,29.0,0.136167,-0.990686
2024-12-09 12:00:00,6.64,85.32,1035.33,0.0,0.0,1.0,29.0,-0.136167,-0.990686
2024-12-09 13:00:00,7.07,81.95,1035.05,0.0,0.0,2.0,28.0,-0.398401,-0.917211
2024-12-09 14:00:00,7.02,81.56,1034.78,0.0,0.0,5.0,25.0,-0.631088,-0.775711
2024-12-09 15:00:00,6.9,81.57,1034.78,0.0,0.0,6.0,24.0,-0.81697,-0.57668
2024-12-09 16:00:00,6.23,81.53,1034.78,0.0,0.0,7.0,23.0,-0.942261,-0.33488
2024-12-09 17:00:00,5.95,84.72,1034.81,0.0,0.0,13.0,17.0,-0.997669,-0.068242
2024-12-09 18:00:00,5.33,85.86,1034.8,0.0,0.0,14.0,16.0,-0.979084,0.203456
2024-12-09 19:00:00,4.86,87.35,1034.97,0.0,0.0,16.0,14.0,-0.887885,0.460065
2024-12-09 20:00:00,4.83,88.24,1034.87,0.0,0.0,14.0,16.0,-0.730836,0.682553
2024-12-09 21:00:00,4.99,86.15,1034.99,0.0,0.0,16.0,14.0,-0.519584,0.854419
2024-12-09 22:00:00,4.45,86.97,1034.87,0.0,0.0,17.0,13.0,-0.269797,0.962917
2024-12-09 23:00:00,5.33,84.76,1034.73,0.0,0.0,18.0,12.0,-0.0,1.0
2024-12-10 00:00:00,5.38,83.82,1034.67,0.0,0.0,20.0,10.0,0.0,1.0
2024-12-10 01:00:00,5.81,84.05,1034.29,0.0,0.0,20.0,10.0,0.269797,0.962917
2024-12-10 02:00:00,5.6,84.88,1033.97,0.0,0.0,20.0,10.0,0.519584,0.854419
2024-12-10 03:00:00,5.22,85.91,1033.78,0.0,0.0,20.0,10.0,0.730836,0.682553
2024-12-10 04:00:00,5.22,85.91,1033.78,0.0,0.0,20.0,10.0,0.887885,0.460065
2024-12-10 05:00:00,4.31,88.22,1033.41,0.0,0.0,20.0,10.0,0.979084,0.203456
2024-12-10 06:00:00,4.65,87.46,1033.37,0.0,0.0,22.0,8.0,0.997669,-0.068242
2024-12-10 07:00:00,5.12,86.14,1033.26,0.0,0.0,26.0,4.0,0.942261,-0.33488
2024-12-10 08:00:00,5.63,82.32,1033.34,0.0,0.0,23.0,7.0,0.81697,-0.57668
2024-12-10 09:00:00,6.09,77.84,1033.34,0.0,0.0,22.0,8.0,0.631088,-0.775711
2024-12-10 10:00:00,7.21,68.49,1033.29,0.0,0.0,22.0,8.0,0.398401,-0.917211
2024-12-10 11:00:00,7.5,68.15,1033.01,0.0,0.0,21.0,9.0,0.136167,-0.990686
2024-12-10 12:00:00,7.5,68.15,1033.01,0.0,0.0,21.0,9.0,-0.136167,-0.990686
2024-12-10 13:00:00,7.5,68.15,1033.01,0.0,0.0,21.0,9.0,-0.398401,-0.917211
2024-12-10 14:00:00,7.5,68.15,1033.01,0.0,0.0,21.0,9.0,-0.631088,-0.775711
2024-12-10 15:00:00,6.68,67.71,1031.78,0.0,0.0,24.0,6.0,-0.81697,-0.57668
2024-12-10 16:00:00,6.68,67.71,1031.78,0.0,0.0,24.0,6.0,-0.942261,-0.33488
2024-12-10 17:00:00,6.68,67.71,1031.78,0.0,0.0,24.0,6.0,-0.997669,-0.068242
2024-12-10 18:00:00,6.42,70.06,1031.64,0.0,0.0,29.0,1.0,-0.979084,0.203456
2024-12-10 19:00:00,6.23,70.54,1031.63,0.0,0.0,25.0,5.0,-0.887885,0.460065
2024-12-10 20:00:00,6.48,67.23,1031.68,0.0,0.0,24.0,6.0,-0.730836,0.682553
2024-12-10 21:00:00,6.42,68.47,1031.53,0.0,0.0,22.0,8.0,-0.519584,0.854419
2024-12-10 22:00:00,6.48,68.09,1031.28,0.0,0.0,23.0,7.0,-0.269797,0.962917
2024-12-10 23:00:00,6.65,66.22,1030.97,0.0,0.0,23.0,7.0,-0.0,1.0
2024-12-11 00:00:00,6.56,69.07,1030.8,0.0,0.0,24.0,6.0,0.0,1.0
2024-12-11 01:00:00,6.33,69.27,1030.4,0.0,0.0,25.0,5.0,0.269797,0.962917
2024-12-11 02:00:00,6.09,69.45,1030.03,0.0,0.0,25.0,5.0,0.519584,0.854419
2024-12-11 03:00:00,5.95,70.4,1029.84,0.0,0.0,25.0,5.0,0.730836,0.682553
2024-12-11 04:00:00,5.95,70.4,1029.84,0.0,0.0,25.0,5.0,0.887885,0.460065
2024-12-11 05:00:00,5.35,75.95,1029.51,0.0,0.0,25.0,5.0,0.979084,0.203456
2024-12-11 06:00:00,6.05,70.89,1029.58,0.0,0.0,20.0,10.0,0.997669,-0.068242
2024-12-11 07:00:00,6.34,68.5,1029.64,0.0,0.0,8.0,22.0,0.942261,-0.33488
2024-12-11 08:00:00,6.36,69.39,1029.85,0.0,0.0,7.0,23.0,0.81697,-0.57668
2024-12-11 09:00:00,6.61,69.12,1030.19,0.0,0.0,6.0,24.0,0.631088,-0.775711
2024-12-11 10:00:00,6.73,68.95,1030.26,0.0,0.0,6.0,24.0,0.398401,-0.917211
2024-12-11 11:00:00,6.78,68.9,1029.91,0.0,0.0,9.0,21.0,0.136167,-0.990686
2024-12-11 12:00:00,6.87,68.43,1029.45,0.0,0.0,9.0,21.0,-0.136167,-0.990686
2024-12-11 13:00:00,6.83,68.82,1029.06,0.0,0.0,18.0,12.0,-0.398401,-0.917211
2024-12-11 14:00:00,6.58,70.13,1028.8,0.0,0.0,22.0,8.0,-0.631088,-0.775711
2024-12-11 15:00:00,6.32,70.8,1028.77,0.0,0.0,22.0,8.0,-0.81697,-0.57668
2024-12-11 16:00:00,6.2,71.78,1028.86,0.0,0.0,24.0,6.0,-0.942261,-0.33488
2024-12-11 17:00:00,6.05,72.04,1028.88,0.0,0.0,28.0,2.0,-0.997669,-0.068242
2024-12-11 18:00:00,5.98,72.32,1028.85,0.0,0.0,24.0,6.0,-0.979084,0.203456
2024-12-11 19:00:00,5.92,72.61,1029.0,0.0,0.0,28.0,2.0,-0.887885,0.460065
2024-12-11 20:00:00,6.05,72.39,1029.24,0.0,0.0,24.0,6.0,-0.730836,0.682553
2024-12-11 21:00:00,6.07,73.17,1029.1,0.0,0.0,22.0,8.0,-0.519584,0.854419
2024-12-11 22:00:00,6.22,72.22,1028.95,0.0,0.0,20.0,9.0,-0.269797,0.962917
2024-12-11 23:00:00,6.18,73.63,1028.75,0.0,0.0,20.0,9.0,-0.0,1.0
2024-12-12 00:00:00,5.99,74.35,1028.5,0.0,0.0,20.0,9.0,0.0,1.0
2024-12-12 01:00:00,5.74,72.34,1028.23,0.0,0.0,21.0,8.0,0.269797,0.962917
2024-12-12 02:00:00,5.57,73.06,1027.96,0.0,0.0,21.0,8.0,0.519584,0.854419
2024-12-12 03:00:00,5.26,77.49,1027.85,0.0,0.0,21.0,8.0,0.730836,0.682553
2024-12-12 04:00:00,4.97,82.66,1027.56,0.0,0.0,21.0,8.0,0.887885,0.460065
2024-12-12 05:00:00,4.79,84.16,1027.37,0.0,0.0,20.0,9.0,0.979084,0.203456
2024-12-12 06:00:00,4.6,85.83,1027.22,0.0,0.0,21.0,9.0,0.997669,-0.068242
2024-12-12 07:00:00,4.51,86.06,1027.13,0.0,0.0,22.0,8.0,0.942261,-0.33488
2024-12-12 08:00:00,4.44,83.49,1027.18,0.0,0.0,21.0,9.0,0.81697,-0.57668
2024-12-12 09:00:00,4.7,84.04,1027.42,0.0,0.0,20.0,10.0,0.631088,-0.775711
2024-12-12 10:00:00,5.33,81.07,1027.33,0.0,0.0,18.0,12.0,0.398401,-0.917211
2024-12-12 11:00:00,5.84,76.23,1026.95,0.0,0.0,20.0,10.0,0.136167,-0.990686
2024-12-12 12:00:00,6.06,74.81,1026.4,0.0,0.0,18.0,12.0,-0.136167,-0.990686
2024-12-12 13:00:00,6.2,74.93,1026.0,0.0,0.0,14.0,16.0,-0.398401,-0.917211
2024-12-12 14:00:00,6.18,75.26,1025.41,0.0,0.0,6.0,24.0,-0.631088,-0.775711
2024-12-12 15:00:00,6.08,77.17,1025.14,0.0,0.0,4.0,26.0,-0.81697,-0.57668
2024-12-12 16:00:00,5.54,80.61,1025.11,0.0,0.0,9.0,21.0,-0.942261,-0.33488
2024-12-12 17:00:00,5.23,81.69,1024.8,0.0,0.0,11.0,19.0,-0.997669,-0.068242
2024-12-12 18:00:00,5.07,81.13,1024.79,0.0,0.0,15.0,15.0,-0.979084,0.203456
2024-12-12 19:00:00,5.11,81.3,1024.79,0.0,0.0,14.0,16.0,-0.887885,0.460065
2024-12-12 20:00:00,5.04,83.85,1024.66,0.0,0.0,16.0,14.0,-0.730836,0.682553
2024-12-12 21:00:00,4.92,85.11,1024.72,0.0,0.0,16.0,14.0,-0.519584,0.854419
2024-12-12 22:00:00,4.87,86.88,1024.46,0.0,0.0,16.0,14.0,-0.269797,0.962917
2024-12-12 23:00:00,4.79,88.33,1024.06,0.0,0.0,15.0,15.0,-0.0,1.0
2024-12-13 00:00:00,4.73,87.94,1023.74,0.0,0.0,15.0,15.0,0.0,1.0
2024-12-13 01:00:00,4.73,87.94,1023.74,0.0,0.0,15.0,15.0,0.269797,0.962917
2024-12-13 02:00:00,4.86,85.01,1023.09,0.0,0.0,15.0,15.0,0.519584,0.854419
2024-12-13 03:00:00,4.86,85.01,1023.09,0.0,0.0,15.0,15.0,0.730836,0.682553
2024-12-13 04:00:00,4.57,86.74,1022.23,0.0,0.0,15.0,15.0,0.887885,0.460065
2024-12-13 05:00:00,4.54,87.02,1022.15,0.0,0.0,15.0,15.0,0.979084,0.203456
2024-12-13 06:00:00,4.51,86.97,1022.0,0.0,0.0,18.0,12.0,0.997669,-0.068242
2024-12-13 07:00:00,4.68,87.77,1021.83,0.0,0.0,19.0,11.0,0.942261,-0.33488
2024-12-13 08:00:00,4.8,87.34,1021.95,0.0,0.0,20.0,10.0,0.81697,-0.57668
2024-12-13 09:00:00,4.81,86.77,1021.97,0.0,0.0,16.0,14.0,0.631088,-0.775711
2024-12-13 10:00:00,5.23,84.97,1022.01,0.0,0.0,13.0,17.0,0.398401,-0.917211
2024-12-13 11:00:00,5.72,81.92,1021.69,0.0,0.0,14.0,16.0,0.136167,-0.990686
2024-12-13 12:00:00,6.02,81.19,1020.95,0.0,0.0,14.0,16.0,-0.136167,-0.990686
2024-12-13 13:00:00,5.96,79.56,1020.37,0.0,0.0,14.0,16.0,-0.398401,-0.917211
2024-12-13 14:00:00,5.74,79.81,1019.91,0.0,0.0,15.0,15.0,-0.631088,-0.775711
2024-12-13 15:00:00,5.67,81.22,1019.64,0.0,0.0,18.0,12.0,-0.81697,-0.57668
2024-12-13 16:00:00,5.44,81.64,1019.79,0.0,0.0,14.0,16.0,-0.942261,-0.33488
2024-12-13 17:00:00,5.33,81.98,1019.58,0.0,0.0,14.0,16.0,-0.997669,-0.068242
2024-12-13 18:00:00,5.15,82.71,1019.47,0.0,0.0,20.0,10.0,-0.979084,0.203456
2024-12-13 19:00:00,5.04,83.6,1019.5,0.0,0.0,18.0,12.0,-0.887885,0.460065
2024-12-13 20:00:00,5.13,86.36,1019.2,0.0,0.0,19.0,11.0,-0.730836,0.682553
2024-12-13 21:00:00,5.15,92.5,1019.04,0.0,0.0,16.0,14.0,-0.519584,0.854419
2024-12-13 22:00:00,4.96,95.39,1018.93,0.0,0.0,15.0,15.0,-0.269797,0.962917
2024-12-13 23:00:00,4.76,96.01,1018.86,0.0,0.0,17.0,13.0,-0.0,1.0
2024-12-14 00:00:00,4.62,96.32,1018.84,0.0,1.0,19.0,11.0,0.0,1.0
2024-12-14 01:00:00,4.1,96.06,1018.73,0.0,1.0,20.0,10.0,0.269797,0.962917
2024-12-14 02:00:00,3.37,96.53,1018.58,0.0,1.0,20.0,10.0,0.519584,0.854419
2024-12-14 03:00:00,2.87,96.75,1018.79,0.0,1.0,20.0,10.0,0.730836,0.682553
2024-12-14 04:00:00,2.06,96.82,1018.85,0.0,1.0,20.0,10.0,0.887885,0.460065
2024-12-14 05:00:00,1.99,96.42,1018.54,0.0,1.0,21.0,9.0,0.979084,0.203456
2024-12-14 06:00:00,1.99,96.42,1018.54,0.0,1.0,21.0,9.0,0.997669,-0.068242
2024-12-14 07:00:00,1.56,96.15,1019.08,0.0,1.0,20.0,10.0,0.942261,-0.33488
2024-12-14 08:00:00,2.1,95.11,1019.36,0.0,1.0,24.0,6.0,0.81697,-0.57668
2024-12-14 09:00:00,2.85,93.11,1019.53,0.0,1.0,28.0,2.0,0.631088,-0.775711
2024-12-14 10:00:00,3.9,90.69,1019.66,0.0,1.0,30.0,0.0,0.398401,-0.917211
2024-12-14 11:00:00,4.63,89.16,1019.54,0.0,1.0,30.0,0.0,0.136167,-0.990686
2024-12-14 12:00:00,5.55,88.88,1019.32,0.0,1.0,30.0,0.0,-0.136167,-0.990686
2024-12-14 13:00:00,6.56,87.62,1018.83,0.0,1.0,28.0,2.0,-0.398401,-0.917211
2024-12-14 14:00:00,7.01,86.48,1018.34,0.0,1.0,26.0,4.0,-0.631088,-0.775711
2024-12-14 15:00:00,7.07,88.43,1018.19,0.0,1.0,25.0,5.0,-0.81697,-0.57668
2024-12-14 16:00:00,7.07,88.43,1018.19,0.0,1.0,25.0,5.0,-0.942261,-0.33488
2024-12-14 17:00:00,8.26,93.38,1017.94,0.0,1.0,23.0,7.0,-0.997669,-0.068242
2024-12-14 18:00:00,8.26,93.38,1017.94,0.0,1.0,23.0,7.0,-0.979084,0.203456
2024-12-14 19:00:00,8.48,95.64,1017.84,0.0,1.0,24.0,6.0,-0.887885,0.460065
2024-12-14 20:00:00,8.68,95.87,1017.79,0.0,1.0,22.0,8.0,-0.730836,0.682553
2024-12-14 21:00:00,8.68,95.87,1017.79,0.0,1.0,22.0,8.0,-0.519584,0.854419
2024-12-14 22:00:00,9.92,96.08,1018.05,0.0,1.0,21.0,9.0,-0.269797,0.962917
2024-12-14 23:00:00,10.23,95.67,1018.37,0.0,1.0,22.0,8.0,-0.0,1.0
2024-12-15 00:00:00,10.53,95.41,1018.57,0.0,1.0,23.0,7.0,0.0,1.0
2024-12-15 01:00:00,10.89,94.27,1018.53,0.0,1.0,23.0,7.0,0.269797,0.962917
2024-12-15 02:00:00,10.99,93.83,1018.77,0.0,1.0,23.0,7.0,0.519584,0.854419
2024-12-15 03:00:00,11.02,93.51,1018.68,0.0,1.0,23.0,7.0,0.730836,0.682553
2024-12-15 04:00:00,11.02,93.51,1018.68,0.0,1.0,23.0,7.0,0.887885,0.460065
2024-12-15 05:00:00,11.03,92.97,1018.9,0.0,1.0,24.0,6.0,0.979084,0.203456
2024-12-15 06:00:00,11.03,92.97,1018.9,0.0,1.0,24.0,6.0,0.997669,-0.068242
2024-12-15 07:00:00,10.77,93.18,1019.69,0.0,1.0,23.0,7.0,0.942261,-0.33488
2024-12-15 08:00:00,10.7,94.82,1020.08,0.0,1.0,24.0,6.0,0.81697,-0.57668
2024-12-15 09:00:00,10.98,92.8,1020.43,0.0,1.0,23.0,7.0,0.631088,-0.775711
2024-12-15 10:00:00,11.22,91.29,1020.68,0.0,1.0,23.0,7.0,0.398401,-0.917211
2024-12-15 11:00:00,11.55,88.27,1020.75,0.0,1.0,23.0,7.0,0.136167,-0.990686
2024-12-15 12:00:00,11.93,86.38,1020.62,0.0,1.0,23.0,7.0,-0.136167,-0.990686
2024-12-15 13:00:00,12.37,84.57,1020.41,0.0,1.0,24.0,6.0,-0.398401,-0.917211
2024-12-15 14:00:00,12.42,83.45,1020.1,0.0,1.0,24.0,6.0,-0.631088,-0.775711
2024-12-15 15:00:00,12.17,83.72,1019.79,0.0,1.0,24.0,6.0,-0.81697,-0.57668
2024-12-15 16:00:00,11.81,85.13,1019.82,0.0,1.0,19.0,11.0,-0.942261,-0.33488
2024-12-15 17:00:00,11.57,83.93,1020.18,0.0,1.0,16.0,14.0,-0.997669,-0.068242
2024-12-15 18:00:00,11.56,83.54,1020.26,0.0,1.0,17.0,13.0,-0.979084,0.203456
2024-12-15 19:00:00,11.08,83.98,1020.99,0.0,1.0,14.0,16.0,-0.887885,0.460065
2024-12-15 20:00:00,11.08,83.98,1020.99,0.0,1.0,14.0,16.0,-0.730836,0.682553
2024-12-15 21:00:00,9.84,91.16,1020.91,0.0,1.0,14.0,16.0,-0.519584,0.854419
2024-12-15 22:00:00,9.84,91.16,1020.91,0.0,1.0,14.0,16.0,-0.269797,0.962917
2024-12-15 23:00:00,9.84,91.16,1020.91,0.0,1.0,14.0,16.0,-0.0,1.0
2024-12-16 00:00:00,10.06,82.49,1021.13,0.0,0.0,15.0,15.0,0.0,1.0
2024-12-16 01:00:00,9.76,86.89,1021.02,0.0,0.0,15.0,15.0,0.269797,0.962917
2024-12-16 02:00:00,9.63,87.93,1021.18,0.0,0.0,15.0,15.0,0.519584,0.854419
2024-12-16 03:00:00,9.73,86.08,1021.27,0.0,0.0,15.0,15.0,0.730836,0.682553
2024-12-16 04:00:00,9.73,86.08,1021.27,0.0,0.0,15.0,15.0,0.887885,0.460065
2024-12-16 05:00:00,9.36,85.06,1020.87,0.0,0.0,14.0,16.0,0.979084,0.203456
2024-12-16 06:00:00,9.58,85.52,1020.97,0.0,0.0,14.0,16.0,0.997669,-0.068242
2024-12-16 07:00:00,9.94,83.28,1020.94,0.0,0.0,17.0,13.0,0.942261,-0.33488
2024-12-16 08:00:00,9.64,83.56,1020.92,0.0,0.0,14.0,14.0,0.81697,-0.57668
2024-12-16 09:00:00,9.98,79.84,1021.26,0.0,0.0,5.0,25.0,0.631088,-0.775711
2024-12-16 10:00:00,10.19,78.6,1021.36,0.0,0.0,2.0,28.0,0.398401,-0.917211
2024-12-16 11:00:00,10.42,79.75,1021.06,0.0,0.0,2.0,28.0,0.136167,-0.990686
2024-12-16 12:00:00,10.74,79.78,1020.59,0.0,0.0,0.0,30.0,-0.136167,-0.990686
2024-12-16 13:00:00,10.81,79.65,1020.25,0.0,0.0,4.0,26.0,-0.398401,-0.917211
2024-12-16 14:00:00,10.57,79.65,1020.17,0.0,0.0,6.0,24.0,-0.631088,-0.775711
2024-12-16 15:00:00,10.18,82.68,1020.0,0.0,0.0,6.0,24.0,-0.81697,-0.57668
2024-12-16 16:00:00,9.97,83.75,1019.88,0.0,0.0,12.0,18.0,-0.942261,-0.33488
2024-12-16 17:00:00,9.67,85.49,1020.05,0.0,0.0,14.0,16.0,-0.997669,-0.068242
2024-12-16 18:00:00,9.72,86.05,1019.91,0.0,0.0,10.0,20.0,-0.979084,0.203456
2024-12-16 19:00:00,9.1,87.39,1019.72,0.0,0.0,8.0,22.0,-0.887885,0.460065
2024-12-16 20:00:00,8.92,86.19,1019.77,0.0,0.0,8.0,22.0,-0.730836,0.682553
2024-12-16 21:00:00,7.87,89.06,1019.81,0.0,0.0,7.0,23.0,-0.519584,0.854419
2024-12-16 22:00:00,6.94,92.5,1019.49,0.0,0.0,9.0,21.0,-0.269797,0.962917
2024-12-16 23:00:00,7.73,88.69,1018.93,0.0,0.0,10.0,20.0,-0.0,1.0
2024-12-17 00:00:00,7.8,88.02,1018.42,0.0,0.0,11.0,19.0,0.0,1.0
2024-12-17 01:00:00,7.42,90.37,1017.66,0.0,0.0,11.0,19.0,0.269797,0.962917
2024-12-17 02:00:00,8.23,89.2,1017.22,0.0,0.0,11.0,19.0,0.519584,0.854419
2024-12-17 03:00:00,9.81,82.34,1016.7,0.0,0.0,11.0,19.0,0.730836,0.682553
2024-12-17 04:00:00,9.81,82.34,1016.7,0.0,0.0,11.0,19.0,0.887885,0.460065
2024-12-17 05:00:00,9.64,77.35,1013.92,0.0,0.0,10.0,20.0,0.979084,0.203456
2024-12-17 06:00:00,11.0,76.48,1013.15,0.0,0.0,12.0,18.0,0.997669,-0.068242
2024-12-17 07:00:00,11.12,76.19,1012.09,0.0,0.0,13.0,17.0,0.942261,-0.33488
2024-12-17 08:00:00,11.32,70.8,1010.86,0.0,0.0,13.0,17.0,0.81697,-0.57668
2024-12-17 09:00:00,11.65,67.0,1009.82,0.0,0.0,11.0,19.0,0.631088,-0.775711
2024-12-17 10:00:00,12.02,67.98,1008.98,0.0,0.0,7.0,23.0,0.398401,-0.917211
2024-12-17 11:00:00,12.48,69.6,1007.75,0.0,0.0,6.0,24.0,0.136167,-0.990686
2024-12-17 12:00:00,12.64,72.34,1006.35,0.0,0.0,2.0,28.0,-0.136167,-0.990686
2024-12-17 13:00:00,12.85,76.36,1004.41,0.0,0.0,4.0,26.0,-0.398401,-0.917211
2024-12-17 14:00:00,12.85,77.06,1002.58,0.0,0.0,8.0,22.0,-0.631088,-0.775711
2024-12-17 15:00:00,12.54,79.97,1001.06,0.0,0.0,11.0,19.0,-0.81697,-0.57668
2024-12-17 16:00:00,12.93,77.95,997.96,0.0,0.0,16.0,14.0,-0.942261,-0.33488
2024-12-17 17:00:00,12.69,81.44,996.8,0.0,0.0,21.0,9.0,-0.997669,-0.068242
2024-12-17 18:00:00,12.87,84.14,994.36,0.0,0.0,25.0,5.0,-0.979084,0.203456
2024-12-17 19:00:00,14.02,83.49,993.29,0.0,0.0,24.0,6.0,-0.887885,0.460065
2024-12-17 20:00:00,14.55,83.93,992.65,0.0,0.0,22.0,8.0,-0.730836,0.682553
2024-12-17 21:00:00,14.58,82.47,992.13,0.0,0.0,23.0,7.0,-0.519584,0.854419
2024-12-17 22:00:00,14.57,81.28,991.71,0.0,0.0,23.0,7.0,-0.269797,0.962917
2024-12-17 23:00:00,14.57,81.28,991.71,0.0,0.0,23.0,7.0,-0.0,1.0
2024-12-18 00:00:00,13.71,82.34,989.24,0.0,0.0,24.0,6.0,0.0,1.0
2024-12-18 01:00:00,13.59,83.36,988.45,0.0,0.0,24.0,6.0,0.269797,0.962917
2024-12-18 02:00:00,13.51,82.33,987.15,0.0,0.0,24.0,6.0,0.519584,0.854419
2024-12-18 03:00:00,13.43,83.48,986.73,0.0,0.0,24.0,6.0,0.730836,0.682553
2024-12-18 04:00:00,12.79,86.97,985.83,0.0,0.0,24.0,6.0,0.887885,0.460065
2024-12-18 05:00:00,12.71,89.94,986.71,0.0,0.0,21.0,9.0,0.979084,0.203456
2024-12-18 06:00:00,11.7,92.05,989.48,0.0,0.0,14.0,16.0,0.997669,-0.068242
2024-12-18 07:00:00,10.74,88.58,992.1,0.0,0.0,13.0,17.0,0.942261,-0.33488
2024-12-18 08:00:00,10.29,87.36,994.65,0.0,0.0,9.0,21.0,0.81697,-0.57668
2024-12-18 09:00:00,10.15,85.42,995.75,0.0,0.0,4.0,26.0,0.631088,-0.775711
2024-12-18 10:00:00,9.95,84.27,997.37,0.0,0.0,1.0,29.0,0.398401,-0.917211
2024-12-18 11:00:00,10.09,83.52,998.38,0.0,0.0,1.0,29.0,0.136167,-0.990686
2024-12-18 12:00:00,9.96,83.82,998.13,0.0,0.0,4.0,26.0,-0.136167,-0.990686
2024-12-18 13:00:00,9.81,83.9,997.97,0.0,0.0,2.0,28.0,-0.398401,-0.917211
2024-12-18 14:00:00,9.38,84.14,997.73,0.0,0.0,8.0,22.0,-0.631088,-0.775711
2024-12-18 15:00:00,8.54,85.98,996.8,0.0,0.0,12.0,18.0,-0.81697,-0.57668
2024-12-18 16:00:00,8.06,86.33,996.67,0.0,0.0,17.0,13.0,-0.942261,-0.33488
2024-12-18 17:00:00,7.63,85.74,996.46,0.0,0.0,26.0,4.0,-0.997669,-0.068242
2024-12-18 18:00:00,7.54,83.45,995.79,0.0,0.0,25.0,5.0,-0.979084,0.203456
2024-12-18 19:00:00,7.35,83.64,995.73,0.0,0.0,26.0,4.0,-0.887885,0.460065
2024-12-18 20:00:00,6.75,85.52,996.21,0.0,0.0,25.0,5.0,-0.730836,0.682553
2024-12-18 21:00:00,6.23,85.3,996.56,0.0,0.0,25.0,5.0,-0.519584,0.854419
2024-12-18 22:00:00,5.58,85.38,997.24,0.0,0.0,27.0,3.0,-0.269797,0.962917
2024-12-18 23:00:00,4.74,86.35,998.01,0.0,0.0,30.0,0.0,-0.0,1.0
2024-12-19 00:00:00,3.87,86.51,998.84,0.0,0.0,29.0,1.0,0.0,1.0
2024-12-19 01:00:00,3.34,88.22,999.55,0.0,0.0,29.0,1.0,0.269797,0.962917
2024-12-19 02:00:00,3.12,87.74,1000.26,0.0,0.0,29.0,1.0,0.519584,0.854419
2024-12-19 03:00:00,3.02,87.9,1000.63,0.0,0.0,29.0,1.0,0.730836,0.682553
2024-12-19 04:00:00,3.02,87.9,1000.63,0.0,0.0,29.0,1.0,0.887885,0.460065
2024-12-19 05:00:00,2.58,90.9,1001.89,0.0,0.0,29.0,1.0,0.979084,0.203456
2024-12-19 06:00:00,2.67,90.35,1002.58,0.0,0.0,29.0,1.0,0.997669,-0.068242
2024-12-19 07:00:00,2.67,89.63,1003.95,0.0,0.0,28.0,1.0,0.942261,-0.33488
2024-12-19 08:00:00,2.7,87.51,1005.37,0.0,0.0,27.0,1.0,0.81697,-0.57668
2024-12-19 09:00:00,2.97,85.93,1006.86,0.0,0.0,15.0,14.0,0.631088,-0.775711
2024-12-19 10:00:00,3.36,84.65,1008.24,0.0,0.0,0.0,29.0,0.398401,-0.917211
2024-12-19 11:00:00,4.38,78.81,1009.36,0.0,0.0,0.0,28.0,0.136167,-0.990686
2024-12-19 12:00:00,5.44,75.2,1010.18,0.0,0.0,1.0,29.0,-0.136167,-0.990686
2024-12-19 13:00:00,5.79,73.63,1010.85,0.0,0.0,4.0,26.0,-0.398401,-0.917211
2024-12-19 14:00:00,5.89,73.02,1011.33,0.0,0.0,7.0,23.0,-0.631088,-0.775711
2024-12-19 15:00:00,5.66,74.24,1012.25,0.0,0.0,8.0,22.0,-0.81697,-0.57668
2024-12-19 16:00:00,4.8,80.14,1013.28,0.0,0.0,15.0,15.0,-0.942261,-0.33488
2024-12-19 17:00:00,4.2,83.65,1014.08,0.0,0.0,21.0,9.0,-0.997669,-0.068242
2024-12-19 18:00:00,3.89,84.41,1014.77,0.0,0.0,24.0,6.0,-0.979084,0.203456
2024-12-19 19:00:00,3.76,86.2,1015.34,0.0,0.0,23.0,6.0,-0.887885,0.460065
2024-12-19 20:00:00,3.96,86.52,1015.71,0.0,0.0,24.0,4.0,-0.730836,0.682553
2024-12-19 21:00:00,3.52,86.8,1015.91,0.0,0.0,24.0,4.0,-0.519584,0.854419
2024-12-19 22:00:00,3.59,85.56,1015.85,0.0,0.0,26.0,3.0,-0.269797,0.962917
2024-12-19 23:00:00,4.06,82.49,1015.66,0.0,0.0,28.0,0.0,-0.0,1.0
2024-12-20 00:00:00,3.9,85.69,1015.13,0.0,0.0,29.0,0.0,0.0,1.0
2024-12-20 01:00:00,4.63,87.85,1014.37,0.0,0.0,29.0,0.0,0.269797,0.962917
2024-12-20 02:00:00,5.5,87.1,1013.59,0.0,0.0,29.0,0.0,0.519584,0.854419
2024-12-20 03:00:00,5.63,87.29,1013.03,0.0,0.0,29.0,0.0,0.730836,0.682553
2024-12-20 04:00:00,5.63,87.29,1013.03,0.0,0.0,29.0,0.0,0.887885,0.460065
2024-12-20 05:00:00,6.56,83.97,1010.83,0.0,0.0,29.0,0.0,0.979084,0.203456
2024-12-20 06:00:00,6.98,83.78,1009.06,0.0,0.0,27.0,3.0,0.997669,-0.068242
2024-12-20 07:00:00,7.14,83.66,1008.56,0.0,0.0,29.0,1.0,0.942261,-0.33488
2024-12-20 08:00:00,7.37,85.56,1007.9,0.0,0.0,26.0,4.0,0.81697,-0.57668
2024-12-20 09:00:00,7.47,89.42,1007.04,0.0,0.0,23.0,6.0,0.631088,-0.775711
2024-12-20 10:00:00,8.28,88.16,1005.86,0.0,0.0,5.0,23.0,0.398401,-0.917211
2024-12-20 11:00:00,8.72,88.73,1005.71,0.0,0.0,5.0,24.0,0.136167,-0.990686
2024-12-20 12:00:00,9.09,86.27,1006.07,0.0,0.0,5.0,25.0,-0.136167,-0.990686
2024-12-20 13:00:00,9.68,83.2,1006.39,0.0,0.0,6.0,24.0,-0.398401,-0.917211
2024-12-20 14:00:00,9.74,80.81,1007.12,0.0,0.0,8.0,22.0,-0.631088,-0.775711
2024-12-20 15:00:00,9.08,81.43,1007.89,0.0,0.0,4.0,26.0,-0.81697,-0.57668
2024-12-20 16:00:00,8.01,84.09,1008.47,0.0,0.0,4.0,26.0,-0.942261,-0.33488
2024-12-20 17:00:00,7.2,86.49,1008.98,0.0,0.0,9.0,21.0,-0.997669,-0.068242
2024-12-20 18:00:00,6.65,88.01,1009.38,0.0,0.0,10.0,20.0,-0.979084,0.203456
2024-12-20 19:00:00,6.28,89.35,1009.79,0.0,0.0,9.0,21.0,-0.887885,0.460065
2024-12-20 20:00:00,6.41,88.57,1010.01,0.0,0.0,9.0,21.0,-0.730836,0.682553
2024-12-20 21:00:00,6.49,88.28,1009.91,0.0,0.0,8.0,22.0,-0.519584,0.854419
2024-12-20 22:00:00,6.5,88.77,1009.58,0.0,0.0,8.0,22.0,-0.269797,0.962917
2024-12-20 23:00:00,7.28,87.3,1008.65,0.0,0.0,9.0,21.0,-0.0,1.0
2024-12-21 00:00:00,7.38,86.32,1007.52,0.0,1.0,9.0,21.0,0.0,1.0
2024-12-21 01:00:00,7.67,85.77,1006.37,0.0,1.0,9.0,21.0,0.269797,0.962917
2024-12-21 02:00:00,8.11,84.67,1005.32,0.0,1.0,9.0,21.0,0.519584,0.854419
2024-12-21 03:00:00,7.94,87.35,1004.15,0.0,1.0,9.0,21.0,0.730836,0.682553
2024-12-21 04:00:00,7.94,87.35,1004.15,0.0,1.0,9.0,21.0,0.887885,0.460065
2024-12-21 05:00:00,9.14,92.35,1000.03,0.0,1.0,10.0,20.0,0.979084,0.203456
2024-12-21 06:00:00,9.14,92.35,1000.03,0.0,1.0,10.0,20.0,0.997669,-0.068242
2024-12-21 07:00:00,11.07,89.88,999.3,0.0,1.0,9.0,21.0,0.942261,-0.33488
2024-12-21 08:00:00,11.62,82.92,999.45,0.0,1.0,9.0,21.0,0.81697,-0.57668
2024-12-21 09:00:00,10.55,71.95,1000.34,0.0,1.0,12.0,18.0,0.631088,-0.775711
2024-12-21 10:00:00,10.12,71.62,1000.17,0.0,1.0,11.0,19.0,0.398401,-0.917211
2024-12-21 11:00:00,9.83,66.29,1000.23,0.0,1.0,11.0,19.0,0.136167,-0.990686
2024-12-21 12:00:00,9.83,67.71,1000.01,0.0,1.0,12.0,18.0,-0.136167,-0.990686
2024-12-21 13:00:00,9.78,66.83,999.98,0.0,1.0,11.0,19.0,-0.398401,-0.917211
2024-12-21 14:00:00,9.14,66.4,999.84,0.0,1.0,9.0,21.0,-0.631088,-0.775711
2024-12-21 15:00:00,8.48,71.52,1000.07,0.0,1.0,6.0,24.0,-0.81697,-0.57668
2024-12-21 16:00:00,8.34,72.45,999.85,0.0,1.0,4.0,26.0,-0.942261,-0.33488
2024-12-21 17:00:00,7.9,72.04,999.87,0.0,1.0,5.0,25.0,-0.997669,-0.068242
2024-12-21 18:00:00,6.85,73.67,999.68,0.0,1.0,4.0,26.0,-0.979084,0.203456
2024-12-21 19:00:00,6.85,73.67,999.68,0.0,1.0,4.0,26.0,-0.887885,0.460065
2024-12-21 20:00:00,6.85,73.67,999.68,0.0,1.0,4.0,26.0,-0.730836,0.682553
2024-12-21 21:00:00,6.85,73.67,999.68,0.0,1.0,4.0,26.0,-0.519584,0.854419
2024-12-21 22:00:00,3.58,82.5,999.7,0.0,1.0,2.0,28.0,-0.269797,0.962917
2024-12-21 23:00:00,3.58,82.5,999.7,0.0,1.0,2.0,28.0,-0.0,1.0
2024-12-22 00:00:00,3.58,82.5,999.7,0.0,1.0,2.0,28.0,0.0,1.0
2024-12-22 01:00:00,3.37,82.39,999.81,0.0,1.0,2.0,28.0,0.269797,0.962917
2024-12-22 02:00:00,2.89,84.31,999.94,0.0,1.0,2.0,28.0,0.519584,0.854419
2024-12-22 03:00:00,3.22,78.63,1000.11,0.0,1.0,2.0,28.0,0.730836,0.682553
2024-12-22 04:00:00,2.75,82.48,1000.17,0.0,1.0,2.0,28.0,0.887885,0.460065
2024-12-22 05:00:00,2.73,85.51,1000.03,0.0,1.0,3.0,27.0,0.979084,0.203456
2024-12-22 06:00:00,2.55,89.13,1000.34,0.0,1.0,3.0,27.0,0.997669,-0.068242
2024-12-22 07:00:00,2.44,90.81,1000.96,0.0,1.0,2.0,28.0,0.942261,-0.33488
2024-12-22 08:00:00,2.34,89.72,1001.6,0.0,1.0,3.0,27.0,0.81697,-0.57668
2024-12-22 09:00:00,2.34,89.72,1001.6,0.0,1.0,3.0,27.0,0.631088,-0.775711
2024-12-22 10:00:00,3.99,86.87,1004.27,0.0,1.0,7.0,23.0,0.398401,-0.917211
2024-12-22 11:00:00,3.99,86.87,1004.27,0.0,1.0,7.0,23.0,0.136167,-0.990686
2024-12-22 12:00:00,6.33,73.96,1006.54,0.0,1.0,7.0,23.0,-0.136167,-0.990686
2024-12-22 13:00:00,6.46,70.93,1007.08,0.0,1.0,7.0,23.0,-0.398401,-0.917211
2024-12-22 14:00:00,6.41,62.15,1009.23,0.0,1.0,5.0,25.0,-0.631088,-0.775711
2024-12-22 15:00:00,6.23,59.1,1011.09,0.0,1.0,4.0,26.0,-0.81697,-0.57668
2024-12-22 16:00:00,5.09,65.05,1012.72,0.0,1.0,4.0,26.0,-0.942261,-0.33488
2024-12-22 17:00:00,4.63,66.97,1013.46,0.0,1.0,4.0,26.0,-0.997669,-0.068242
2024-12-22 18:00:00,3.97,74.48,1014.54,0.0,1.0,4.0,26.0,-0.979084,0.203456
2024-12-22 19:00:00,3.86,71.33,1015.82,0.0,1.0,2.0,28.0,-0.887885,0.460065
2024-12-22 20:00:00,3.75,74.45,1017.19,0.0,1.0,1.0,29.0,-0.730836,0.682553
2024-12-22 21:00:00,3.91,77.28,1017.97,0.0,1.0,1.0,29.0,-0.519584,0.854419
2024-12-22 22:00:00,3.55,83.17,1018.57,0.0,1.0,1.0,29.0,-0.269797,0.962917
2024-12-22 23:00:00,3.48,85.81,1019.05,0.0,1.0,2.0,28.0,-0.0,1.0
2024-12-23 00:00:00,3.43,87.65,1019.89,0.0,0.0,2.0,28.0,0.0,1.0
2024-12-23 01:00:00,3.47,88.34,1020.52,0.0,0.0,2.0,28.0,0.269797,0.962917
2024-12-23 02:00:00,3.47,88.34,1020.52,0.0,0.0,2.0,28.0,0.519584,0.854419
2024-12-23 03:00:00,3.47,88.34,1020.52,0.0,0.0,2.0,28.0,0.730836,0.682553
2024-12-23 04:00:00,3.38,91.4,1020.4,0.0,0.0,2.0,28.0,0.887885,0.460065
2024-12-23 05:00:00,3.38,91.4,1020.4,0.0,0.0,2.0,28.0,0.979084,0.203456
2024-12-23 06:00:00,3.73,90.46,1020.33,0.0,0.0,3.0,27.0,0.997669,-0.068242
2024-12-23 07:00:00,5.4,83.33,1019.87,0.0,0.0,1.0,29.0,0.942261,-0.33488
2024-12-23 08:00:00,5.8,84.9,1019.54,0.0,0.0,2.0,28.0,0.81697,-0.57668
2024-12-23 09:00:00,6.32,89.79,1018.71,0.0,0.0,0.0,30.0,0.631088,-0.775711
2024-12-23 10:00:00,8.01,88.47,1017.76,0.0,0.0,1.0,29.0,0.398401,-0.917211
2024-12-23 11:00:00,8.87,87.86,1016.84,0.0,0.0,0.0,30.0,0.136167,-0.990686
2024-12-23 12:00:00,9.07,91.28,1016.03,0.0,0.0,0.0,30.0,-0.136167,-0.990686
2024-12-23 13:00:00,9.42,94.41,1015.44,0.0,0.0,4.0,26.0,-0.398401,-0.917211
2024-12-23 14:00:00,9.94,95.52,1015.22,0.0,0.0,5.0,25.0,-0.631088,-0.775711
2024-12-23 15:00:00,10.44,95.99,1015.21,0.0,0.0,7.0,23.0,-0.81697,-0.57668
2024-12-23 16:00:00,11.01,95.93,1015.35,0.0,0.0,6.0,24.0,-0.942261,-0.33488
2024-12-23 17:00:00,11.64,96.92,1015.71,0.0,0.0,5.0,25.0,-0.997669,-0.068242
2024-12-23 18:00:00,11.67,97.13,1015.88,0.0,0.0,4.0,26.0,-0.979084,0.203456
2024-12-23 19:00:00,11.67,97.02,1016.31,0.0,0.0,2.0,28.0,-0.887885,0.460065
2024-12-23 20:00:00,11.67,97.02,1016.31,0.0,0.0,2.0,28.0,-0.730836,0.682553
2024-12-23 21:00:00,11.9,95.96,1017.08,0.0,0.0,4.0,26.0,-0.519584,0.854419
2024-12-23 22:00:00,11.9,95.96,1017.08,0.0,0.0,4.0,26.0,-0.269797,0.962917
2024-12-23 23:00:00,11.87,96.16,1016.87,0.0,0.0,6.0,24.0,-0.0,1.0
2024-12-24 00:00:00,11.93,96.77,1016.61,0.0,0.0,6.0,24.0,0.0,1.0
2024-12-24 01:00:00,12.09,95.45,1016.42,0.0,0.0,6.0,24.0,0.269797,0.962917
2024-12-24 02:00:00,12.1,94.26,1016.28,0.0,0.0,6.0,24.0,0.519584,0.854419
2024-12-24 03:00:00,12.15,93.79,1016.58,0.0,0.0,6.0,24.0,0.730836,0.682553
2024-12-24 04:00:00,12.15,93.79,1016.58,0.0,0.0,6.0,24.0,0.887885,0.460065
2024-12-24 05:00:00,11.45,94.7,1017.31,0.0,0.0,7.0,23.0,0.979084,0.203456
2024-12-24 06:00:00,11.45,94.7,1017.31,0.0,0.0,7.0,23.0,0.997669,-0.068242
2024-12-24 07:00:00,11.1,96.4,1017.63,0.0,0.0,9.0,21.0,0.942261,-0.33488
2024-12-24 08:00:00,11.16,95.02,1018.07,0.0,0.0,8.0,22.0,0.81697,-0.57668
2024-12-24 09:00:00,11.08,94.1,1017.84,0.0,0.0,9.0,21.0,0.631088,-0.775711
2024-12-24 10:00:00,11.6,93.07,1018.42,0.0,0.0,8.0,22.0,0.398401,-0.917211
2024-12-24 11:00:00,11.81,93.56,1018.7,0.0,0.0,6.0,24.0,0.136167,-0.990686
2024-12-24 12:00:00,12.18,92.82,1018.62,0.0,0.0,9.0,21.0,-0.136167,-0.990686
2024-12-24 13:00:00,12.39,91.45,1018.51,0.0,0.0,10.0,20.0,-0.398401,-0.917211
2024-12-24 14:00:00,12.37,90.56,1018.61,0.0,0.0,11.0,19.0,-0.631088,-0.775711
2024-12-24 15:00:00,12.19,90.23,1018.93,0.0,0.0,12.0,18.0,-0.81697,-0.57668
2024-12-24 16:00:00,12.22,90.43,1019.21,0.0,0.0,10.0,20.0,-0.942261,-0.33488
2024-12-24 17:00:00,12.17,90.76,1019.4,0.0,0.0,10.0,20.0,-0.997669,-0.068242
2024-12-24 18:00:00,11.93,90.86,1019.54,0.0,0.0,10.0,20.0,-0.979084,0.203456
2024-12-24 19:00:00,11.65,87.54,1020.09,0.0,0.0,9.0,21.0,-0.887885,0.460065
2024-12-24 20:00:00,11.41,87.21,1020.17,0.0,0.0,8.0,22.0,-0.730836,0.682553
2024-12-24 21:00:00,11.3,84.24,1020.41,0.0,0.0,8.0,22.0,-0.519584,0.854419
2024-12-24 22:00:00,11.3,84.24,1020.41,0.0,0.0,8.0,22.0,-0.269797,0.962917
2024-12-24 23:00:00,11.23,83.01,1020.99,1.0,0.0,9.0,21.0,-0.0,1.0
2024-12-25 00:00:00,11.23,83.01,1020.99,1.0,0.0,9.0,21.0,0.0,1.0
2024-12-25 01:00:00,11.23,83.01,1020.99,1.0,0.0,9.0,21.0,0.269797,0.962917
2024-12-25 02:00:00,10.55,86.02,1021.74,1.0,0.0,9.0,21.0,0.519584,0.854419
2024-12-25 03:00:00,10.55,86.02,1021.74,1.0,0.0,9.0,21.0,0.730836,0.682553
2024-12-25 04:00:00,10.68,85.06,1021.65,1.0,0.0,9.0,21.0,0.887885,0.460065
2024-12-25 05:00:00,10.85,83.69,1021.89,1.0,0.0,8.0,22.0,0.979084,0.203456
2024-12-25 06:00:00,10.79,83.25,1021.96,1.0,0.0,8.0,22.0,0.997669,-0.068242
2024-12-25 07:00:00,10.8,83.83,1022.1,1.0,0.0,9.0,21.0,0.942261,-0.33488
2024-12-25 08:00:00,10.8,83.83,1022.1,1.0,0.0,9.0,21.0,0.81697,-0.57668
2024-12-25 09:00:00,10.8,83.83,1022.1,1.0,0.0,9.0,21.0,0.631088,-0.775711
2024-12-25 10:00:00,11.17,84.74,1024.0,1.0,0.0,8.0,22.0,0.398401,-0.917211
2024-12-25 11:00:00,11.17,84.74,1024.0,1.0,0.0,8.0,22.0,0.136167,-0.990686
2024-12-25 12:00:00,11.26,84.16,1023.94,1.0,0.0,6.0,24.0,-0.136167,-0.990686
2024-12-25 13:00:00,11.47,82.88,1023.81,1.0,0.0,8.0,22.0,-0.398401,-0.917211
2024-12-25 14:00:00,11.47,78.41,1023.86,1.0,0.0,11.0,19.0,-0.631088,-0.775711
2024-12-25 15:00:00,11.36,77.21,1024.09,1.0,0.0,9.0,21.0,-0.81697,-0.57668
2024-12-25 16:00:00,11.18,79.42,1024.03,1.0,0.0,12.0,18.0,-0.942261,-0.33488
2024-12-25 17:00:00,11.18,79.42,1024.03,1.0,0.0,12.0,18.0,-0.997669,-0.068242
2024-12-25 18:00:00,9.92,85.93,1024.64,1.0,0.0,15.0,15.0,-0.979084,0.203456
2024-12-25 19:00:00,9.92,85.93,1024.64,1.0,0.0,15.0,15.0,-0.887885,0.460065
2024-12-25 20:00:00,9.92,85.93,1024.64,1.0,0.0,15.0,15.0,-0.730836,0.682553
2024-12-25 21:00:00,9.92,85.93,1024.64,1.0,0.0,15.0,15.0,-0.519584,0.854419
2024-12-25 22:00:00,8.72,91.61,1025.22,1.0,0.0,16.0,14.0,-0.269797,0.962917
2024-12-25 23:00:00,8.72,91.61,1025.22,1.0,0.0,16.0,14.0,-0.0,1.0
2024-12-26 00:00:00,9.27,91.2,1025.53,1.0,0.0,16.0,14.0,0.0,1.0
2024-12-26 01:00:00,9.27,91.2,1025.53,1.0,0.0,16.0,14.0,0.269797,0.962917
2024-12-26 02:00:00,9.27,91.2,1025.53,1.0,0.0,16.0,14.0,0.519584,0.854419
2024-12-26 03:00:00,8.01,91.69,1026.18,1.0,0.0,16.0,14.0,0.730836,0.682553
2024-12-26 04:00:00,8.01,91.69,1026.18,1.0,0.0,16.0,14.0,0.887885,0.460065
2024-12-26 05:00:00,8.01,91.69,1026.18,1.0,0.0,16.0,14.0,0.979084,0.203456
2024-12-26 06:00:00,8.01,91.69,1026.18,1.0,0.0,16.0,14.0,0.997669,-0.068242
2024-12-26 07:00:00,6.58,96.55,1026.37,1.0,0.0,16.0,14.0,0.942261,-0.33488
2024-12-26 08:00:00,6.58,96.55,1026.37,1.0,0.0,16.0,14.0,0.81697,-0.57668
2024-12-26 09:00:00,7.49,96.3,1027.35,1.0,0.0,18.0,12.0,0.631088,-0.775711
2024-12-26 10:00:00,7.5,96.11,1027.41,1.0,0.0,19.0,11.0,0.398401,-0.917211
2024-12-26 11:00:00,7.64,96.01,1027.14,1.0,0.0,19.0,11.0,0.136167,-0.990686
2024-12-26 12:00:00,7.83,95.64,1026.88,1.0,0.0,20.0,10.0,-0.136167,-0.990686
2024-12-26 13:00:00,8.07,95.45,1026.59,1.0,0.0,20.0,10.0,-0.398401,-0.917211
2024-12-26 14:00:00,8.75,93.55,1026.41,1.0,0.0,20.0,10.0,-0.631088,-0.775711
2024-12-26 15:00:00,9.04,92.59,1026.35,1.0,0.0,20.0,10.0,-0.81697,-0.57668
2024-12-26 16:00:00,8.41,93.92,1026.35,1.0,0.0,21.0,9.0,-0.942261,-0.33488
2024-12-26 17:00:00,8.13,94.78,1026.46,1.0,0.0,22.0,8.0,-0.997669,-0.068242
2024-12-26 18:00:00,8.36,94.81,1026.49,1.0,0.0,21.0,9.0,-0.979084,0.203456
2024-12-26 19:00:00,8.51,94.99,1026.63,1.0,0.0,20.0,10.0,-0.887885,0.460065
2024-12-26 20:00:00,8.5,95.27,1026.75,1.0,0.0,20.0,10.0,-0.730836,0.682553
2024-12-26 21:00:00,8.52,95.39,1026.61,1.0,0.0,21.0,9.0,-0.519584,0.854419
2024-12-26 22:00:00,8.52,95.39,1026.61,1.0,0.0,21.0,9.0,-0.269797,0.962917
2024-12-26 23:00:00,8.6,95.84,1026.11,0.0,0.0,22.0,8.0,-0.0,1.0
2024-12-27 00:00:00,8.6,95.84,1026.11,0.0,0.0,22.0,8.0,0.0,1.0
2024-12-27 01:00:00,8.6,95.84,1026.11,0.0,0.0,22.0,8.0,0.269797,0.962917
2024-12-27 02:00:00,8.6,95.84,1026.11,0.0,0.0,22.0,8.0,0.519584,0.854419
2024-12-27 03:00:00,8.29,95.53,1025.7,0.0,0.0,22.0,8.0,0.730836,0.682553
2024-12-27 04:00:00,8.29,95.53,1025.7,0.0,0.0,22.0,8.0,0.887885,0.460065
2024-12-27 05:00:00,8.29,95.53,1025.7,0.0,0.0,22.0,8.0,0.979084,0.203456
2024-12-27 06:00:00,8.25,94.83,1025.67,0.0,0.0,22.0,8.0,0.997669,-0.068242
2024-12-27 07:00:00,8.21,95.19,1025.87,0.0,0.0,24.0,6.0,0.942261,-0.33488
2024-12-27 08:00:00,7.84,95.05,1026.0,0.0,0.0,25.0,5.0,0.81697,-0.57668
2024-12-27 09:00:00,7.73,95.13,1026.22,0.0,0.0,26.0,4.0,0.631088,-0.775711
2024-12-27 10:00:00,7.79,94.9,1026.36,0.0,0.0,24.0,6.0,0.398401,-0.917211
2024-12-27 11:00:00,8.53,94.27,1025.93,0.0,0.0,25.0,5.0,0.136167,-0.990686
2024-12-27 12:00:00,9.97,89.95,1025.29,0.0,0.0,24.0,6.0,-0.136167,-0.990686
2024-12-27 13:00:00,10.34,84.97,1024.82,0.0,0.0,22.0,8.0,-0.398401,-0.917211
2024-12-27 14:00:00,10.21,87.03,1024.45,0.0,0.0,22.0,8.0,-0.631088,-0.775711
2024-12-27 15:00:00,9.88,90.35,1024.36,0.0,0.0,18.0,12.0,-0.81697,-0.57668
2024-12-27 16:00:00,9.44,92.28,1024.42,0.0,0.0,19.0,11.0,-0.942261,-0.33488
2024-12-27 17:00:00,9.31,92.86,1024.29,0.0,0.0,18.0,12.0,-0.997669,-0.068242
2024-12-27 18:00:00,9.14,94.28,1024.31,0.0,0.0,18.0,12.0,-0.979084,0.203456
2024-12-27 19:00:00,9.06,94.54,1024.33,0.0,0.0,19.0,11.0,-0.887885,0.460065
2024-12-27 20:00:00,9.06,94.54,1024.33,0.0,0.0,19.0,11.0,-0.730836,0.682553
2024-12-27 21:00:00,8.79,92.29,1023.89,0.0,0.0,19.0,11.0,-0.519584,0.854419
2024-12-27 22:00:00,8.75,92.16,1023.65,0.0,0.0,22.0,8.0,-0.269797,0.962917
2024-12-27 23:00:00,8.88,88.13,1023.41,0.0,0.0,22.0,8.0,-0.0,1.0
2024-12-28 00:00:00,9.17,88.58,1023.01,0.0,1.0,21.0,9.0,0.0,1.0
2024-12-28 01:00:00,9.17,89.37,1022.74,0.0,1.0,21.0,9.0,0.269797,0.962917
2024-12-28 02:00:00,9.09,88.78,1022.42,0.0,1.0,21.0,9.0,0.519584,0.854419
2024-12-28 03:00:00,8.99,89.14,1022.29,0.0,1.0,21.0,9.0,0.730836,0.682553
2024-12-28 04:00:00,8.99,89.14,1022.29,0.0,1.0,21.0,9.0,0.887885,0.460065
2024-12-28 05:00:00,9.25,86.9,1021.67,0.0,1.0,21.0,9.0,0.979084,0.203456
2024-12-28 06:00:00,9.25,86.9,1021.67,0.0,1.0,21.0,9.0,0.997669,-0.068242
2024-12-28 07:00:00,9.06,88.59,1021.66,0.0,1.0,20.0,10.0,0.942261,-0.33488
2024-12-28 08:00:00,9.28,88.96,1021.8,0.0,1.0,21.0,9.0,0.81697,-0.57668
2024-12-28 09:00:00,9.45,88.74,1022.07,0.0,1.0,22.0,8.0,0.631088,-0.775711
2024-12-28 10:00:00,9.39,87.69,1022.18,0.0,1.0,24.0,6.0,0.398401,-0.917211
2024-12-28 11:00:00,9.57,84.47,1022.06,0.0,1.0,24.0,6.0,0.136167,-0.990686
2024-12-28 12:00:00,9.77,84.35,1021.72,0.0,1.0,26.0,4.0,-0.136167,-0.990686
2024-12-28 13:00:00,9.27,86.31,1021.36,0.0,1.0,26.0,4.0,-0.398401,-0.917211
2024-12-28 14:00:00,9.05,87.12,1021.16,0.0,1.0,26.0,4.0,-0.631088,-0.775711
2024-12-28 15:00:00,8.95,86.93,1021.32,0.0,1.0,24.0,6.0,-0.81697,-0.57668
2024-12-28 16:00:00,9.24,88.54,1021.35,0.0,1.0,22.0,8.0,-0.942261,-0.33488
2024-12-28 17:00:00,9.54,88.81,1021.73,0.0,1.0,23.0,7.0,-0.997669,-0.068242
2024-12-28 18:00:00,9.44,89.66,1022.02,0.0,1.0,22.0,8.0,-0.979084,0.203456
2024-12-28 19:00:00,9.1,94.83,1022.77,0.0,1.0,22.0,8.0,-0.887885,0.460065
2024-12-28 20:00:00,9.12,95.2,1022.81,0.0,1.0,23.0,7.0,-0.730836,0.682553
2024-12-28 21:00:00,9.12,95.2,1022.81,0.0,1.0,23.0,7.0,-0.519584,0.854419
2024-12-28 22:00:00,8.51,93.7,1023.06,0.0,1.0,25.0,5.0,-0.269797,0.962917
2024-12-28 23:00:00,8.51,93.7,1023.06,0.0,1.0,25.0,5.0,-0.0,1.0
2024-12-29 00:00:00,7.8,92.94,1022.7,0.0,1.0,25.0,5.0,0.0,1.0
2024-12-29 01:00:00,7.55,89.56,1022.72,0.0,1.0,25.0,5.0,0.269797,0.962917
2024-12-29 02:00:00,7.96,85.05,1022.89,0.0,1.0,25.0,5.0,0.519584,0.854419
2024-12-29 03:00:00,7.96,84.63,1022.77,0.0,1.0,25.0,5.0,0.730836,0.682553
2024-12-29 04:00:00,7.82,85.9,1022.37,0.0,1.0,25.0,5.0,0.887885,0.460065
2024-12-29 05:00:00,8.36,83.37,1022.14,0.0,1.0,26.0,4.0,0.979084,0.203456
2024-12-29 06:00:00,7.78,88.95,1021.9,0.0,1.0,27.0,3.0,0.997669,-0.068242
2024-12-29 07:00:00,8.11,87.96,1021.94,0.0,1.0,26.0,4.0,0.942261,-0.33488
2024-12-29 08:00:00,8.28,87.32,1021.96,0.0,1.0,28.0,2.0,0.81697,-0.57668
2024-12-29 09:00:00,8.89,85.77,1022.28,0.0,1.0,19.0,11.0,0.631088,-0.775711
2024-12-29 10:00:00,9.09,86.12,1022.26,0.0,1.0,12.0,18.0,0.398401,-0.917211
2024-12-29 11:00:00,9.48,85.52,1021.93,0.0,1.0,12.0,18.0,0.136167,-0.990686
2024-12-29 12:00:00,10.1,83.34,1021.28,0.0,1.0,12.0,18.0,-0.136167,-0.990686
2024-12-29 13:00:00,10.07,85.7,1020.95,0.0,1.0,14.0,16.0,-0.398401,-0.917211
2024-12-29 14:00:00,9.92,86.56,1020.87,0.0,1.0,14.0,16.0,-0.631088,-0.775711
2024-12-29 15:00:00,10.14,78.26,1020.75,0.0,1.0,14.0,16.0,-0.81697,-0.57668
2024-12-29 16:00:00,10.35,73.77,1020.59,0.0,1.0,14.0,16.0,-0.942261,-0.33488
2024-12-29 17:00:00,10.35,73.77,1020.59,0.0,1.0,14.0,16.0,-0.997669,-0.068242
2024-12-29 18:00:00,10.24,77.02,1019.96,0.0,1.0,13.0,17.0,-0.979084,0.203456
2024-12-29 19:00:00,10.09,79.09,1019.76,0.0,1.0,12.0,18.0,-0.887885,0.460065
2024-12-29 20:00:00,9.3,84.77,1019.58,0.0,1.0,10.0,20.0,-0.730836,0.682553
2024-12-29 21:00:00,9.11,87.01,1019.7,0.0,1.0,11.0,19.0,-0.519584,0.854419
2024-12-29 22:00:00,9.42,84.52,1019.46,0.0,1.0,10.0,20.0,-0.269797,0.962917
2024-12-29 23:00:00,9.42,84.52,1019.46,0.0,1.0,10.0,20.0,-0.0,1.0
2024-12-30 00:00:00,9.8,79.78,1018.63,0.0,0.0,11.0,19.0,0.0,1.0
2024-12-30 01:00:00,9.7,78.41,1018.07,0.0,0.0,11.0,19.0,0.269797,0.962917
2024-12-30 02:00:00,9.58,78.13,1017.86,0.0,0.0,11.0,19.0,0.519584,0.854419
2024-12-30 03:00:00,9.48,78.04,1017.75,0.0,0.0,11.0,19.0,0.730836,0.682553
2024-12-30 04:00:00,9.48,78.04,1017.75,0.0,0.0,11.0,19.0,0.887885,0.460065
2024-12-30 05:00:00,8.72,81.36,1016.48,0.0,0.0,10.0,20.0,0.979084,0.203456
2024-12-30 06:00:00,8.73,81.53,1016.42,0.0,0.0,12.0,18.0,0.997669,-0.068242
2024-12-30 07:00:00,8.76,80.8,1016.36,0.0,0.0,15.0,15.0,0.942261,-0.33488
2024-12-30 08:00:00,8.32,81.45,1016.34,0.0,0.0,19.0,11.0,0.81697,-0.57668
2024-12-30 09:00:00,8.48,81.11,1016.35,0.0,0.0,16.0,14.0,0.631088,-0.775711
2024-12-30 10:00:00,8.55,81.16,1016.31,0.0,0.0,13.0,17.0,0.398401,-0.917211
2024-12-30 11:00:00,8.94,79.92,1016.34,0.0,0.0,14.0,16.0,0.136167,-0.990686
2024-12-30 12:00:00,9.46,78.67,1015.96,0.0,0.0,13.0,17.0,-0.136167,-0.990686
2024-12-30 13:00:00,9.93,77.74,1015.58,0.0,0.0,12.0,18.0,-0.398401,-0.917211
2024-12-30 14:00:00,10.36,76.54,1015.01,0.0,0.0,12.0,18.0,-0.631088,-0.775711
2024-12-30 15:00:00,10.46,76.45,1014.93,0.0,0.0,10.0,20.0,-0.81697,-0.57668
2024-12-30 16:00:00,10.22,76.62,1014.69,0.0,0.0,7.0,23.0,-0.942261,-0.33488
2024-12-30 17:00:00,10.04,77.21,1014.2,0.0,0.0,5.0,25.0,-0.997669,-0.068242
2024-12-30 18:00:00,9.82,76.93,1013.88,0.0,0.0,3.0,27.0,-0.979084,0.203456
2024-12-30 19:00:00,9.69,76.31,1013.57,0.0,0.0,6.0,24.0,-0.887885,0.460065
2024-12-30 20:00:00,9.57,77.94,1013.2,0.0,0.0,4.0,26.0,-0.730836,0.682553
2024-12-30 21:00:00,9.04,79.73,1013.07,0.0,0.0,6.0,24.0,-0.519584,0.854419
2024-12-30 22:00:00,9.03,80.66,1013.16,0.0,0.0,8.0,22.0,-0.269797,0.962917
2024-12-30 23:00:00,9.03,80.66,1013.16,0.0,0.0,8.0,22.0,-0.0,1.0
2024-12-31 00:00:00,9.47,79.15,1011.46,0.0,0.0,8.0,22.0,0.0,1.0
2024-12-31 01:00:00,9.47,79.15,1011.46,0.0,0.0,8.0,22.0,0.269797,0.962917
2024-12-31 02:00:00,9.47,79.15,1011.46,0.0,0.0,8.0,22.0,0.519584,0.854419
2024-12-31 03:00:00,10.57,76.25,1006.69,0.0,0.0,8.0,22.0,0.730836,0.682553
2024-12-31 04:00:00,10.57,76.25,1006.69,0.0,0.0,8.0,22.0,0.887885,0.460065
2024-12-31 05:00:00,10.57,76.25,1006.69,0.0,0.0,8.0,22.0,0.979084,0.203456
2024-12-31 06:00:00,10.77,76.71,1004.85,0.0,0.0,10.0,20.0,0.997669,-0.068242
2024-12-31 07:00:00,10.78,80.04,1003.67,0.0,0.0,14.0,16.0,0.942261,-0.33488
2024-12-31 08:00:00,10.45,86.53,1003.06,0.0,0.0,17.0,13.0,0.81697,-0.57668
2024-12-31 09:00:00,10.55,87.8,1002.42,0.0,0.0,16.0,14.0,0.631088,-0.775711
2024-12-31 10:00:00,10.9,88.47,1001.79,0.0,0.0,16.0,14.0,0.398401,-0.917211
2024-12-31 11:00:00,11.19,89.29,1001.1,0.0,0.0,14.0,16.0,0.136167,-0.990686
2024-12-31 12:00:00,11.35,90.46,1000.17,0.0,0.0,13.0,17.0,-0.136167,-0.990686
2024-12-31 13:00:00,10.18,93.17,1000.34,0.0,0.0,9.0,21.0,-0.398401,-0.917211
2024-12-31 14:00:00,9.67,91.27,999.76,0.0,0.0,6.0,24.0,-0.631088,-0.775711
2024-12-31 15:00:00,9.63,92.41,999.21,0.0,0.0,8.0,22.0,-0.81697,-0.57668
2024-12-31 16:00:00,9.38,90.24,998.99,0.0,0.0,7.0,23.0,-0.942261,-0.33488
2024-12-31 17:00:00,9.72,86.45,998.58,0.0,0.0,7.0,23.0,-0.997669,-0.068242
2024-12-31 18:00:00,9.72,86.45,998.58,0.0,0.0,7.0,23.0,-0.979084,0.203456
2024-12-31 19:00:00,9.25,87.65,998.78,0.0,0.0,8.0,22.0,-0.887885,0.460065
